{
  "benchmarks": [
    {
      "concurrency": 1,
      "context_size": 0,
      "e2e_ttft": {
        "mean": 863.364641709874,
        "std": 7.729681613323346,
        "values": [
          873.8745680311695,
          855.5062090745196,
          860.7131480239332
        ]
      },
      "est_ppt": {
        "mean": 859.6045050459603,
        "std": 7.729681613323346,
        "values": [
          870.1144313672557,
          851.7460724106058,
          856.9530113600194
        ]
      },
      "is_context_prefill_phase": false,
      "peak_req_throughput": {
        "mean": 38.666666666666664,
        "std": 6.342099196813483,
        "values": [
          41.0,
          30.0,
          45.0
        ]
      },
      "peak_throughput": {
        "mean": 38.666666666666664,
        "std": 6.342099196813483,
        "values": [
          41.0,
          30.0,
          45.0
        ]
      },
      "pp_req_throughput": {
        "mean": 2383.846269558279,
        "std": 21.34557524244233,
        "values": [
          2354.862677981677,
          2405.646549330054,
          2391.0295813631055
        ]
      },
      "pp_throughput": {
        "mean": 2383.846269558279,
        "std": 21.34557524244233,
        "values": [
          2354.862677981677,
          2405.646549330054,
          2391.0295813631055
        ]
      },
      "prompt_size": 2048,
      "requests_throughput_over_time": null,
      "response_size": 128,
      "tg_req_throughput": {
        "mean": 22.226637662144114,
        "std": 0.5731797886055726,
        "values": [
          22.384112209878886,
          21.459275722576542,
          22.83652505397691
        ]
      },
      "tg_throughput": {
        "mean": 22.226637662144114,
        "std": 0.5731797886055726,
        "values": [
          22.384112209878886,
          21.459275722576542,
          22.83652505397691
        ]
      },
      "throughput_over_time": null,
      "ttfr": {
        "mean": 863.364641709874,
        "std": 7.729681613323346,
        "values": [
          873.8745680311695,
          855.5062090745196,
          860.7131480239332
        ]
      }
    },
    {
      "concurrency": 1,
      "context_size": 4096,
      "e2e_ttft": {
        "mean": 1814.2237106803805,
        "std": 6.7303414896908285,
        "values": [
          1823.66534601897,
          1810.54591096472,
          1808.4598750574514
        ]
      },
      "est_ppt": {
        "mean": 1810.4635740164667,
        "std": 6.7303414896908285,
        "values": [
          1819.9052093550563,
          1806.7857743008062,
          1804.6997383935377
        ]
      },
      "is_context_prefill_phase": false,
      "peak_req_throughput": {
        "mean": 27.0,
        "std": 0.816496580927726,
        "values": [
          28.0,
          27.0,
          26.0
        ]
      },
      "peak_throughput": {
        "mean": 27.0,
        "std": 0.816496580927726,
        "values": [
          28.0,
          27.0,
          26.0
        ]
      },
      "pp_req_throughput": {
        "mean": 3394.9421660314947,
        "std": 12.749272532435938,
        "values": [
          3377.098965598345,
          3401.6207607005276,
          3406.106771795613
        ]
      },
      "pp_throughput": {
        "mean": 3394.9421660314947,
        "std": 12.749272532435938,
        "values": [
          3377.098965598345,
          3401.6207607005276,
          3406.106771795613
        ]
      },
      "prompt_size": 2048,
      "requests_throughput_over_time": null,
      "response_size": 128,
      "tg_req_throughput": {
        "mean": 20.674677498253967,
        "std": 1.9228590355723734,
        "values": [
          22.671165382526503,
          21.27537301775725,
          18.077494094478137
        ]
      },
      "tg_throughput": {
        "mean": 20.674677498253967,
        "std": 1.9228590355723734,
        "values": [
          22.671165382526503,
          21.27537301775725,
          18.077494094478137
        ]
      },
      "throughput_over_time": null,
      "ttfr": {
        "mean": 1814.2237106803805,
        "std": 6.7303414896908285,
        "values": [
          1823.66534601897,
          1810.54591096472,
          1808.4598750574514
        ]
      }
    },
    {
      "concurrency": 1,
      "context_size": 8192,
      "e2e_ttft": {
        "mean": 3098.5518056356036,
        "std": 11.7504780499392,
        "values": [
          3105.7728339219466,
          3081.9796880241483,
          3107.9028949607164
        ]
      },
      "est_ppt": {
        "mean": 3094.79166897169,
        "std": 11.7504780499392,
        "values": [
          3102.012697258033,
          3078.2195513602346,
          3104.1427582968026
        ]
      },
      "is_context_prefill_phase": false,
      "peak_req_throughput": {
        "mean": 26.666666666666668,
        "std": 3.299831645537222,
        "values": [
          26.0,
          23.0,
          31.0
        ]
      },
      "peak_throughput": {
        "mean": 26.666666666666668,
        "std": 3.299831645537222,
        "values": [
          26.0,
          23.0,
          31.0
        ]
      },
      "pp_req_throughput": {
        "mean": 3309.6947454272963,
        "std": 12.685848215166793,
        "values": [
          3302.049668930792,
          3327.572913203582,
          3299.4616541475157
        ]
      },
      "pp_throughput": {
        "mean": 3309.6947454272963,
        "std": 12.685848215166793,
        "values": [
          3302.049668930792,
          3327.572913203582,
          3299.4616541475157
        ]
      },
      "prompt_size": 2048,
      "requests_throughput_over_time": null,
      "response_size": 128,
      "tg_req_throughput": {
        "mean": 20.55313927362174,
        "std": 1.888928811385229,
        "values": [
          20.93661291662022,
          18.071907080743486,
          22.650897823501513
        ]
      },
      "tg_throughput": {
        "mean": 20.55313927362174,
        "std": 1.888928811385229,
        "values": [
          20.93661291662022,
          18.071907080743486,
          22.650897823501513
        ]
      },
      "throughput_over_time": null,
      "ttfr": {
        "mean": 3098.5518056356036,
        "std": 11.7504780499392,
        "values": [
          3105.7728339219466,
          3081.9796880241483,
          3107.9028949607164
        ]
      }
    },
    {
      "concurrency": 1,
      "context_size": 16384,
      "e2e_ttft": {
        "mean": 5568.567852295625,
        "std": 5.6680782006775186,
        "values": [
          5572.359680896625,
          5572.788079967722,
          5560.555796022527
        ]
      },
      "est_ppt": {
        "mean": 5563.443161663599,
        "std": 5.050031289505639,
        "values": [
          5564.505882328376,
          5569.027943303809,
          5556.795659358613
        ]
      },
      "is_context_prefill_phase": false,
      "peak_req_throughput": {
        "mean": 27.333333333333332,
        "std": 4.0276819911981905,
        "values": [
          33.0,
          25.0,
          24.0
        ]
      },
      "peak_throughput": {
        "mean": 27.333333333333332,
        "std": 4.0276819911981905,
        "values": [
          33.0,
          25.0,
          24.0
        ]
      },
      "pp_req_throughput": {
        "mean": 3313.4784322156447,
        "std": 3.0876192650063037,
        "values": [
          3312.782911874036,
          3310.0929260311964,
          3317.559458741702
        ]
      },
      "pp_throughput": {
        "mean": 3313.4784322156447,
        "std": 3.0876192650063037,
        "values": [
          3312.782911874036,
          3310.0929260311964,
          3317.559458741702
        ]
      },
      "prompt_size": 2048,
      "requests_throughput_over_time": null,
      "response_size": 128,
      "tg_req_throughput": {
        "mean": 19.883841207327986,
        "std": 1.8235628092858656,